중심각, 반지름, 각속도
0.0,74.80,1.337
0.1,74.83,1.336
0.1,74.91,1.335
0.1,75.25,1.329
0.1,75.35,1.327
0.1,75.51,1.324
0.1,75.56,1.323
0.2,75.64,1.322
0.2,75.77,1.320
0.2,75.88,1.318
0.2,76.02,1.315
0.2,76.17,1.313
0.2,76.31,1.310
0.2,76.53,1.307
0.2,76.72,1.304
0.2,76.88,1.301
0.3,77.08,1.297
0.3,77.31,1.294
0.3,77.52,1.290
0.3,77.73,1.286
0.3,77.99,1.282
0.3,78.17,1.279
0.3,78.38,1.276
0.3,78.61,1.272
0.3,78.83,1.269
0.4,79.10,1.264
0.4,79.35,1.260
0.4,79.59,1.256
0.4,79.78,1.253
0.4,79.92,1.251
0.4,80.05,1.249
0.4,80.17,1.247
0.4,80.31,1.245
0.4,80.41,1.244
0.4,80.56,1.241
0.4,80.67,1.240
0.4,80.79,1.238
0.4,80.94,1.235
0.4,81.06,1.234
0.4,81.22,1.231
0.4,81.34,1.229
0.4,81.45,1.228
0.4,81.61,1.225
0.4,81.73,1.224
0.4,81.90,1.221
0.4,82.04,1.219
0.5,82.20,1.217
0.5,82.32,1.215
0.5,82.48,1.212
0.5,82.64,1.210
0.5,82.82,1.207
0.5,82.98,1.205
0.5,83.12,1.203
0.5,83.27,1.201
0.5,83.42,1.199
0.5,83.57,1.197
0.5,83.73,1.194
0.5,83.93,1.191
0.5,84.09,1.189
0.5,84.23,1.187
0.5,84.42,1.185
0.5,84.59,1.182
0.5,84.74,1.180
0.5,84.91,1.178
0.5,85.07,1.176
0.5,85.24,1.173
0.5,85.44,1.170
0.5,85.61,1.168
0.6,85.80,1.166
0.6,86.00,1.163
0.6,86.15,1.161
0.6,86.33,1.158
0.6,86.48,1.156
0.6,86.66,1.154
0.6,86.87,1.151
0.6,87.02,1.149
0.6,87.18,1.147
0.6,87.39,1.144
0.6,87.57,1.142
0.6,87.76,1.139
0.6,87.96,1.137
0.6,88.12,1.135
0.6,88.32,1.132
0.6,88.50,1.130
0.6,88.68,1.128
0.6,88.88,1.125
0.6,89.07,1.123
0.6,89.27,1.120
0.6,89.47,1.118
0.6,89.66,1.115
0.7,89.87,1.113
0.7,90.08,1.110
0.7,90.27,1.108
0.7,90.46,1.105
0.7,90.68,1.103
0.7,90.90,1.100
0.7,91.09,1.098
0.7,91.30,1.095
0.7,91.54,1.092
0.7,91.77,1.090
0.7,91.95,1.088
0.7,92.16,1.085
0.7,92.44,1.082
0.7,92.63,1.080
0.7,92.86,1.077
0.7,93.05,1.075
0.7,93.27,1.072
0.7,93.53,1.069
0.7,93.77,1.066
0.7,93.96,1.064
0.7,94.18,1.062
0.7,94.40,1.059
0.7,94.63,1.057
0.8,94.81,1.055
0.8,94.98,1.053
0.8,95.18,1.051
0.8,95.36,1.049
0.8,95.61,1.046
0.8,95.85,1.043
0.8,96.05,1.041
0.8,96.25,1.039
0.8,96.51,1.036
0.8,96.83,1.033
0.8,97.11,1.030
0.8,97.41,1.027
0.8,97.66,1.024
0.8,97.85,1.022
0.8,98.04,1.020
0.8,98.70,1.013
0.8,98.94,1.011
0.8,99.17,1.008
0.8,99.35,1.007
0.8,99.55,1.004
0.8,99.77,1.002
0.9,100.04,1.000
0.9,100.31,0.997
0.9,100.55,0.995
0.9,100.81,0.992
0.9,101.05,0.990
0.9,101.40,0.986
0.9,101.71,0.983
0.9,101.94,0.981
0.9,102.20,0.978
0.9,102.48,0.976
0.9,102.74,0.973
0.9,102.99,0.971
0.9,103.32,0.968
0.9,103.61,0.965
0.9,103.89,0.963
0.9,104.15,0.960
0.9,104.41,0.958
0.9,104.68,0.955
0.9,104.91,0.953
0.9,105.16,0.951
0.9,105.39,0.949
0.9,105.64,0.947
1.0,105.87,0.945
1.0,106.11,0.942
1.0,106.29,0.941
1.0,106.42,0.940
1.0,106.56,0.938
1.0,106.69,0.937
1.0,106.84,0.936
1.0,106.98,0.935
1.0,107.11,0.934
1.0,107.24,0.933
1.0,107.37,0.931
1.0,107.50,0.930
1.0,107.62,0.929
1.0,107.77,0.928
1.0,107.91,0.927
1.0,108.05,0.926
1.0,108.18,0.924
1.0,108.30,0.923
1.0,108.45,0.922
1.0,108.58,0.921
1.0,108.72,0.920
1.0,108.86,0.919
1.0,108.99,0.918
1.0,109.13,0.916
1.0,109.26,0.915
1.0,109.38,0.914
1.0,109.55,0.913
1.0,109.69,0.912
1.0,109.84,0.910
1.0,109.97,0.909
1.0,110.12,0.908
1.0,110.26,0.907
1.0,110.39,0.906
1.0,110.54,0.905
1.0,110.67,0.904
1.0,110.81,0.902
1.0,110.96,0.901
1.0,111.08,0.900
1.0,111.22,0.899
1.0,111.36,0.898
1.0,111.55,0.896
1.0,111.72,0.895
1.1,111.86,0.894
1.1,112.86,0.886
1.1,118.53,0.844
1.1,118.75,0.842
1.2,118.95,0.841
1.2,119.15,0.839
1.2,119.40,0.838
1.2,119.60,0.836
1.2,119.80,0.835
1.2,119.98,0.834
1.2,120.16,0.832
1.2,120.33,0.831
1.2,120.55,0.830
1.2,120.95,0.827
1.2,121.15,0.825
1.2,121.31,0.824
1.2,121.52,0.823
1.2,121.69,0.822
1.2,121.89,0.820
1.2,122.08,0.819
1.2,122.26,0.818
1.2,122.44,0.817
1.2,122.63,0.815
1.2,122.80,0.814
1.2,122.97,0.813
1.2,123.17,0.812
1.2,123.36,0.811
1.2,123.53,0.810
1.2,123.70,0.808
1.2,123.89,0.807
1.2,124.07,0.806
1.2,124.28,0.805
1.2,124.46,0.803
1.2,124.66,0.802
1.2,124.82,0.801
1.2,125.00,0.800
1.2,125.18,0.799
1.2,125.38,0.798
1.2,125.55,0.796
1.2,125.73,0.795
1.3,125.91,0.794
1.3,126.08,0.793
1.3,126.24,0.792
1.3,126.43,0.791
1.3,126.62,0.790
1.3,126.79,0.789
1.3,126.97,0.788
1.3,127.13,0.787
1.3,127.31,0.786
1.3,127.48,0.784
1.3,127.66,0.783
1.3,127.88,0.782
1.3,128.10,0.781
1.3,128.30,0.779
1.3,128.52,0.778
1.3,128.74,0.777
1.3,129.12,0.774
1.3,129.49,0.772
1.3,129.82,0.770
1.3,130.04,0.769
1.3,130.37,0.767
1.3,130.65,0.765
1.3,130.86,0.764
1.3,131.13,0.763
1.3,131.37,0.761
1.3,131.61,0.760
1.3,131.83,0.759
1.3,132.11,0.757
1.3,132.33,0.756
1.3,132.54,0.754
1.3,132.75,0.753
1.3,132.99,0.752
1.4,133.19,0.751
1.4,133.43,0.749
1.4,133.62,0.748
1.4,133.87,0.747
1.4,134.11,0.746
1.4,134.34,0.744
1.4,134.57,0.743
1.4,134.82,0.742
1.4,135.05,0.740
1.4,135.27,0.739
1.4,135.48,0.738
1.4,135.68,0.737
1.4,135.92,0.736
1.4,136.22,0.734
1.4,136.51,0.733
1.4,136.72,0.731
1.4,136.98,0.730
1.4,137.21,0.729
1.4,137.41,0.728
1.4,137.62,0.727
1.4,137.80,0.726
1.4,138.00,0.725
1.4,138.18,0.724
1.4,138.38,0.723
1.4,138.57,0.722
1.4,138.76,0.721
1.4,138.96,0.720
1.4,139.19,0.718
1.4,139.58,0.716
1.4,139.82,0.715
1.4,140.03,0.714
1.4,140.26,0.713
1.5,140.47,0.712
1.5,140.77,0.710
1.5,141.00,0.709
1.5,141.18,0.708
1.5,141.39,0.707
1.5,141.63,0.706
1.5,141.82,0.705
1.5,142.01,0.704
1.5,142.21,0.703
1.5,142.40,0.702
1.5,142.61,0.701
1.5,142.84,0.700
1.5,143.03,0.699
1.5,143.22,0.698
1.5,143.41,0.697
1.5,143.60,0.696
1.5,143.82,0.695
1.5,144.01,0.694
1.5,144.21,0.693
1.5,144.40,0.693
1.5,144.61,0.692
1.5,144.79,0.691
1.5,144.97,0.690
1.5,145.15,0.689
1.5,145.38,0.688
1.5,145.57,0.687
1.5,145.73,0.686
1.5,145.90,0.685
1.5,146.06,0.685
1.5,146.21,0.684
1.5,146.39,0.683
1.5,146.54,0.682
1.5,146.69,0.682
1.5,146.85,0.681
1.5,147.01,0.680
1.5,147.15,0.680
1.5,147.29,0.679
1.5,147.43,0.678
1.5,147.59,0.678
1.5,147.75,0.677
1.6,148.00,0.676
1.6,148.16,0.675
1.6,148.30,0.674
1.6,148.48,0.673
1.6,148.66,0.673
1.6,148.84,0.672
1.6,149.02,0.671
1.6,149.19,0.670
1.6,149.37,0.669
1.6,149.54,0.669
1.6,149.71,0.668
1.6,149.89,0.667
1.6,150.06,0.666
1.6,150.24,0.666
1.6,150.41,0.665
1.6,150.59,0.664
1.6,150.77,0.663
1.6,150.96,0.662
1.6,151.13,0.662
1.6,151.31,0.661
1.6,151.50,0.660
1.6,151.68,0.659
1.6,151.84,0.659
1.6,152.02,0.658
1.6,152.29,0.657
1.6,152.50,0.656
1.6,152.79,0.655
1.6,153.00,0.654
1.6,153.17,0.653
1.6,153.36,0.652
1.6,153.53,0.651
1.6,153.68,0.651
1.6,153.87,0.650
1.6,154.01,0.649
1.6,154.15,0.649
1.6,154.33,0.648
1.6,154.48,0.647
1.6,154.65,0.647
1.6,154.80,0.646
1.6,154.97,0.645
1.6,155.11,0.645
1.6,155.27,0.644
1.7,155.43,0.643
1.7,155.58,0.643
1.7,155.74,0.642
1.7,155.91,0.641
1.7,156.07,0.641
1.7,156.21,0.640
1.7,156.39,0.639
1.7,156.53,0.639
1.7,156.71,0.638
1.7,156.85,0.638
1.7,157.02,0.637
1.7,157.15,0.636
1.7,157.28,0.636
1.7,157.42,0.635
1.7,157.56,0.635
1.7,157.69,0.634
1.7,157.83,0.634
1.7,157.97,0.633
1.7,158.13,0.632
1.7,158.26,0.632
1.7,158.41,0.631
1.7,158.55,0.631
1.7,158.68,0.630
1.7,158.81,0.630
1.7,158.96,0.629
1.7,159.10,0.629
1.7,159.23,0.628
1.7,159.37,0.627
1.7,159.51,0.627
1.7,159.65,0.626
1.7,159.78,0.626
1.7,159.91,0.625
1.7,160.04,0.625
1.7,160.17,0.624
1.7,160.34,0.624
1.7,160.52,0.623
1.7,160.69,0.622
1.7,160.84,0.622
1.7,160.99,0.621
1.7,161.15,0.621
1.7,161.31,0.620
1.7,161.47,0.619
1.7,161.60,0.619
1.7,161.76,0.618
1.7,161.95,0.617
1.7,162.10,0.617
1.7,162.34,0.616
1.7,162.48,0.615
1.7,162.65,0.615
1.8,162.80,0.614
1.8,162.94,0.614
1.8,163.07,0.613
1.8,163.22,0.613
1.8,163.35,0.612
1.8,163.49,0.612
1.8,163.62,0.611
1.8,163.76,0.611
1.8,163.91,0.610
1.8,164.04,0.610
1.8,164.23,0.609
1.8,164.37,0.608
1.8,164.51,0.608
1.8,164.65,0.607
1.8,164.80,0.607
1.8,164.93,0.606
1.8,165.09,0.606
1.8,165.23,0.605
1.8,165.52,0.604
1.8,165.67,0.604
1.8,165.82,0.603
1.8,165.98,0.602
1.8,166.13,0.602
1.8,166.26,0.601
1.8,166.41,0.601
1.8,166.53,0.600
1.8,166.67,0.600
1.8,166.79,0.600
1.8,166.95,0.599
1.8,167.10,0.598
1.8,167.24,0.598
1.8,167.36,0.598
1.8,167.51,0.597
1.8,167.64,0.597
1.8,167.77,0.596
1.8,167.89,0.596
1.8,168.02,0.595
1.8,168.14,0.595
1.8,168.29,0.594
1.8,168.42,0.594
1.8,168.58,0.593
1.8,168.70,0.593
1.8,168.82,0.592
1.8,168.94,0.592
1.8,169.06,0.592
1.8,169.17,0.591
1.8,169.33,0.591
1.8,169.83,0.589
1.9,169.95,0.588
1.9,170.67,0.586
1.9,171.05,0.585
1.9,171.29,0.584
1.9,171.42,0.583
1.9,171.54,0.583
1.9,171.66,0.583
1.9,171.77,0.582
1.9,171.90,0.582
1.9,172.01,0.581
1.9,172.14,0.581
1.9,172.25,0.581
1.9,172.38,0.580
1.9,172.50,0.580
1.9,172.62,0.579
1.9,172.75,0.579
1.9,172.87,0.578
1.9,172.99,0.578
1.9,173.12,0.578
1.9,173.43,0.577
1.9,173.64,0.576
1.9,173.77,0.575
1.9,173.90,0.575
1.9,174.01,0.575
1.9,174.13,0.574
1.9,174.26,0.574
1.9,174.40,0.573
1.9,174.52,0.573
1.9,174.64,0.573
1.9,174.77,0.572
1.9,174.89,0.572
1.9,175.00,0.571
1.9,175.14,0.571
1.9,175.26,0.571
1.9,175.37,0.570
1.9,175.48,0.570
1.9,175.60,0.569
1.9,175.73,0.569
1.9,175.84,0.569
1.9,175.95,0.568
1.9,176.07,0.568
1.9,176.17,0.568
1.9,176.28,0.567
1.9,176.39,0.567
1.9,176.51,0.567
1.9,176.62,0.566
1.9,176.74,0.566
1.9,176.85,0.565
1.9,176.98,0.565
1.9,177.10,0.565
2.0,177.22,0.564
2.0,177.33,0.564
2.0,177.44,0.564
2.0,177.56,0.563
2.0,177.67,0.563
2.0,177.78,0.563
2.0,177.88,0.562
2.0,177.99,0.562
2.0,178.11,0.561
2.0,178.22,0.561
2.0,178.32,0.561
2.0,178.44,0.560
2.0,178.55,0.560
2.0,178.65,0.560
2.0,178.76,0.559
2.0,178.94,0.559
2.0,179.05,0.558
2.0,179.17,0.558
2.0,179.29,0.558
2.0,179.41,0.557
2.0,179.52,0.557
2.0,179.63,0.557
2.0,179.74,0.556
2.0,179.85,0.556
2.0,179.97,0.556
2.0,180.08,0.555
2.0,180.20,0.555
2.0,180.30,0.555
2.0,180.41,0.554
2.0,180.52,0.554
2.0,180.63,0.554
2.0,180.75,0.553
2.0,180.85,0.553
2.0,180.96,0.553
2.0,181.08,0.552
2.0,181.20,0.552
2.0,181.29,0.552
2.0,181.40,0.551
2.0,181.50,0.551
2.0,181.62,0.551
2.0,181.73,0.550
2.0,181.85,0.550
2.0,181.96,0.550
2.0,182.08,0.549
2.0,182.18,0.549
2.0,182.30,0.549
2.0,182.40,0.548
2.0,182.51,0.548
2.0,182.61,0.548
2.0,182.72,0.547
2.0,182.83,0.547
2.0,182.94,0.547
2.0,183.04,0.546
2.0,183.14,0.546
2.0,183.24,0.546
2.0,183.37,0.545
2.0,183.48,0.545
2.0,183.58,0.545
2.0,183.69,0.544
2.0,183.79,0.544
2.0,183.89,0.544
2.1,183.99,0.543
2.1,184.10,0.543
2.1,184.19,0.543
2.1,184.30,0.543
2.1,184.40,0.542
2.1,184.53,0.542
2.1,184.65,0.542
2.1,184.76,0.541
2.1,184.87,0.541
2.1,184.98,0.541
2.1,185.09,0.540
2.1,185.20,0.540
2.1,185.29,0.540
2.1,185.39,0.539
2.1,185.49,0.539
2.1,185.59,0.539
2.1,185.70,0.539
2.1,185.79,0.538
2.1,185.89,0.538
2.1,185.99,0.538
2.1,186.09,0.537
2.1,186.20,0.537
2.1,186.36,0.537
2.1,186.48,0.536
2.1,186.57,0.536
2.1,186.68,0.536
2.1,186.78,0.535
2.1,186.90,0.535
2.1,186.99,0.535
2.1,187.10,0.534
2.1,187.20,0.534
2.1,187.30,0.534
2.1,187.39,0.534
2.1,187.50,0.533
2.1,187.60,0.533
2.1,187.69,0.533
2.1,187.78,0.533
2.1,187.90,0.532
2.1,187.99,0.532
2.1,188.09,0.532
2.1,188.20,0.531
2.1,188.29,0.531
2.1,188.40,0.531
2.1,188.50,0.531
2.1,188.59,0.530
2.1,188.69,0.530
2.1,188.78,0.530
2.1,188.88,0.529
2.1,188.98,0.529
2.1,189.08,0.529
2.1,189.19,0.529
2.1,189.29,0.528
2.1,189.39,0.528
2.1,189.49,0.528
2.1,189.59,0.527
2.1,189.68,0.527
2.1,189.78,0.527
2.1,189.87,0.527
2.1,189.97,0.526
2.1,190.07,0.526
2.1,190.16,0.526
2.1,190.25,0.526
2.1,190.35,0.525
2.2,190.45,0.525
2.2,190.54,0.525
2.2,190.63,0.525
2.2,190.74,0.524
2.2,190.83,0.524
2.2,190.92,0.524
2.2,191.02,0.524
2.2,191.12,0.523
2.2,191.21,0.523
2.2,191.30,0.523
2.2,191.40,0.522
2.2,191.51,0.522
2.2,191.61,0.522
2.2,191.70,0.522
2.2,191.80,0.521
2.2,191.89,0.521
2.2,191.98,0.521
2.2,192.08,0.521
2.2,192.17,0.520
2.2,192.26,0.520
2.2,192.35,0.520
2.2,192.45,0.520
2.2,192.55,0.519
2.2,192.64,0.519
2.2,192.73,0.519
2.2,192.82,0.519
2.2,192.91,0.518
2.2,193.07,0.518
2.2,193.17,0.518
2.2,193.26,0.517
2.2,193.34,0.517
2.2,193.44,0.517
2.2,193.53,0.517
2.2,193.63,0.516
2.2,193.72,0.516
2.2,193.81,0.516
2.2,193.90,0.516
2.2,193.98,0.516
2.2,194.07,0.515
2.2,194.16,0.515
2.2,194.25,0.515
2.2,194.34,0.515
2.2,194.45,0.514
2.2,194.54,0.514
2.2,194.62,0.514
2.2,194.70,0.514
2.2,194.80,0.513
2.2,194.89,0.513
2.2,194.98,0.513
2.2,195.06,0.513
2.2,195.15,0.512
2.2,195.23,0.512
2.2,195.32,0.512
2.2,195.41,0.512
2.2,195.50,0.512
2.2,195.58,0.511
2.2,195.66,0.511
2.2,195.75,0.511
2.2,195.83,0.511
2.2,195.92,0.510
2.2,196.02,0.510
2.2,196.11,0.510
2.2,196.20,0.510
2.2,196.28,0.509
2.2,196.37,0.509
2.2,196.45,0.509
2.3,196.53,0.509
2.3,196.62,0.509
2.3,196.71,0.508
2.3,196.80,0.508
2.3,196.88,0.508
2.3,196.97,0.508
2.3,197.05,0.507
2.3,197.14,0.507
2.3,197.22,0.507
2.3,197.31,0.507
2.3,197.39,0.507
2.3,197.47,0.506
2.3,197.55,0.506
2.3,197.65,0.506
2.3,197.75,0.506
2.3,197.85,0.505
2.3,197.94,0.505
2.3,198.02,0.505
2.3,198.10,0.505
2.3,198.19,0.505
2.3,198.27,0.504
2.3,198.34,0.504
2.3,198.42,0.504
2.3,198.50,0.504
2.3,198.59,0.504
2.3,198.68,0.503
2.3,198.76,0.503
2.3,198.85,0.503
2.3,198.93,0.503
2.3,199.06,0.502
2.3,199.15,0.502
2.3,199.23,0.502
2.3,199.31,0.502
2.3,199.38,0.502
2.3,199.46,0.501
2.3,199.55,0.501
2.3,199.63,0.501
2.3,199.70,0.501
2.3,199.79,0.501
2.3,199.87,0.500
2.3,199.96,0.500
2.3,200.04,0.500
2.3,200.12,0.500
2.3,200.21,0.499
2.3,200.29,0.499
2.3,200.37,0.499
2.3,200.45,0.499
2.3,200.52,0.499
2.3,200.59,0.499
2.3,200.67,0.498
2.3,200.75,0.498
2.3,200.83,0.498
2.3,200.91,0.498
2.3,200.98,0.498
2.3,201.06,0.497
2.3,201.14,0.497
2.3,201.22,0.497
2.3,201.30,0.497
2.3,201.37,0.497
2.3,201.45,0.496
2.3,201.53,0.496
2.3,201.61,0.496
2.3,201.69,0.496
2.3,201.78,0.496
2.3,201.86,0.495
2.3,201.93,0.495
2.3,202.01,0.495
2.3,202.08,0.495
2.4,202.16,0.495
2.4,202.23,0.494
2.4,202.31,0.494
2.4,202.39,0.494
2.4,202.47,0.494
2.4,202.54,0.494
2.4,202.62,0.494
2.4,202.70,0.493
2.4,202.76,0.493
2.4,202.84,0.493
2.4,202.92,0.493
2.4,203.00,0.493
2.4,203.07,0.492
2.4,203.14,0.492
2.4,203.22,0.492
2.4,203.29,0.492
2.4,203.36,0.492
2.4,203.43,0.492
2.4,203.51,0.491
2.4,203.58,0.491
2.4,203.65,0.491
2.4,203.73,0.491
2.4,203.80,0.491
2.4,203.87,0.491
2.4,203.94,0.490
2.4,204.02,0.490
2.4,204.09,0.490
2.4,204.16,0.490
2.4,204.23,0.490
2.4,204.30,0.489
2.4,204.42,0.489
2.4,204.50,0.489
2.4,204.57,0.489
2.4,204.65,0.489
2.4,204.73,0.488
2.4,204.80,0.488
2.4,204.89,0.488
2.4,204.96,0.488
2.4,205.03,0.488
2.4,205.10,0.488
2.4,205.17,0.487
2.4,205.24,0.487
2.4,205.32,0.487
2.4,205.38,0.487
2.4,205.45,0.487
2.4,205.52,0.487
2.4,205.60,0.486
2.4,205.66,0.486
2.4,205.74,0.486
2.4,205.81,0.486
2.4,205.88,0.486
2.4,205.95,0.486
2.4,206.03,0.485
2.4,206.10,0.485
2.4,206.17,0.485
2.4,206.23,0.485
2.4,206.31,0.485
2.4,206.38,0.485
2.4,206.44,0.484
2.4,206.51,0.484
2.4,206.58,0.484
2.4,206.64,0.484
2.4,206.72,0.484
2.4,206.78,0.484
2.4,206.86,0.483
2.4,206.92,0.483
2.4,206.99,0.483
2.4,207.06,0.483
2.4,207.13,0.483
2.5,207.19,0.483
2.5,207.26,0.482
2.5,207.32,0.482
2.5,207.39,0.482
2.5,207.46,0.482
2.5,207.52,0.482
2.5,207.59,0.482
2.5,207.66,0.482
2.5,207.72,0.481
2.5,207.79,0.481
2.5,207.85,0.481
2.5,207.92,0.481
2.5,207.98,0.481
2.5,208.04,0.481
2.5,208.11,0.481
2.5,208.17,0.480
2.5,208.24,0.480
2.5,208.30,0.480
2.5,208.36,0.480
2.5,208.42,0.480
2.5,208.48,0.480
2.5,208.55,0.480
2.5,208.61,0.479
2.5,208.67,0.479
2.5,208.74,0.479
2.5,208.81,0.479
2.5,208.88,0.479
2.5,208.95,0.479
2.5,209.03,0.478
2.5,209.16,0.478
2.5,209.24,0.478
2.5,209.33,0.478
2.5,209.42,0.478
2.5,209.49,0.477
2.5,209.58,0.477
2.5,209.67,0.477
2.5,209.75,0.477
2.5,209.84,0.477
2.5,209.92,0.476
2.5,209.99,0.476
2.5,210.06,0.476
2.5,210.14,0.476
2.5,210.21,0.476
2.5,210.28,0.476
2.5,210.36,0.475
2.5,210.43,0.475
2.5,210.50,0.475
2.5,210.59,0.475
2.5,210.71,0.475
2.5,210.78,0.474
2.5,210.85,0.474
2.5,210.94,0.474
2.5,211.02,0.474
2.5,211.11,0.474
2.5,211.18,0.474
2.5,211.25,0.473
2.5,211.32,0.473
2.5,211.41,0.473
2.5,211.48,0.473
2.5,211.57,0.473
2.6,211.68,0.472
2.6,211.76,0.472
2.6,211.99,0.472
2.6,212.07,0.472
2.6,212.15,0.471
2.6,212.24,0.471
2.6,212.32,0.471
2.6,212.44,0.471
2.6,212.53,0.471
2.6,212.61,0.470
2.6,212.68,0.470
2.6,212.76,0.470
2.6,212.85,0.470
2.6,212.93,0.470
2.6,213.01,0.469
2.6,213.10,0.469
2.6,213.24,0.469
2.6,213.33,0.469
2.6,213.42,0.469
2.6,213.51,0.468
2.6,213.61,0.468
2.6,213.71,0.468
2.6,213.80,0.468
2.6,213.90,0.468
2.6,214.00,0.467
2.6,214.12,0.467
2.6,214.19,0.467
2.6,214.26,0.467
2.6,214.32,0.467
2.6,214.39,0.466
2.6,214.45,0.466
2.6,214.51,0.466
2.6,214.58,0.466
2.6,214.65,0.466
2.6,214.72,0.466
2.6,214.77,0.466
2.6,214.83,0.465
2.6,214.90,0.465
2.6,214.96,0.465
2.6,215.02,0.465
2.6,215.08,0.465
2.6,215.14,0.465
2.6,215.21,0.465
2.6,215.28,0.465
2.6,215.33,0.464
2.6,215.39,0.464
2.6,215.45,0.464
2.7,215.51,0.464
2.7,215.58,0.464
2.7,215.64,0.464
2.7,215.70,0.464
2.7,215.76,0.463
2.7,215.83,0.463
2.7,215.89,0.463
2.7,215.94,0.463
2.7,216.01,0.463
2.7,216.07,0.463
2.7,216.12,0.463
2.7,216.18,0.463
2.7,216.24,0.462
2.7,216.30,0.462
2.7,216.37,0.462
2.7,216.43,0.462
2.7,216.50,0.462
2.7,216.56,0.462
2.7,216.65,0.462
2.7,216.71,0.461
2.7,216.77,0.461
2.7,216.83,0.461
2.7,216.89,0.461
2.7,216.94,0.461
2.7,216.99,0.461
2.7,217.05,0.461
2.7,217.12,0.461
2.7,217.17,0.460
2.7,217.23,0.460
2.7,217.28,0.460
2.7,217.34,0.460
2.7,217.39,0.460
2.7,217.45,0.460
2.7,217.51,0.460
2.7,217.56,0.460
2.7,217.61,0.460
2.7,217.68,0.459
2.7,217.73,0.459
2.7,217.78,0.459
2.7,217.83,0.459
2.7,217.88,0.459
2.7,217.93,0.459
2.7,217.99,0.459
2.7,218.04,0.459
2.7,218.10,0.459
2.7,218.15,0.458
2.7,218.20,0.458
2.7,218.25,0.458
2.7,218.30,0.458
2.7,218.35,0.458
2.7,218.40,0.458
2.7,218.44,0.458
2.7,218.49,0.458
2.7,218.54,0.458
2.7,218.58,0.457
2.7,218.63,0.457
2.7,218.68,0.457
2.8,218.72,0.457
2.8,218.77,0.457
2.8,218.82,0.457
2.8,218.88,0.457
2.8,218.93,0.457
2.8,218.98,0.457
2.8,219.03,0.457
2.8,219.08,0.456
2.8,219.13,0.456
2.8,219.17,0.456
2.8,219.22,0.456
2.8,219.26,0.456
2.8,219.31,0.456
2.8,219.35,0.456
2.8,219.42,0.456
2.8,219.47,0.456
2.8,219.51,0.456
2.8,219.55,0.455
2.8,219.59,0.455
2.8,219.64,0.455
2.8,219.68,0.455
2.8,219.73,0.455
2.8,219.78,0.455
2.8,219.82,0.455
2.8,219.87,0.455
2.8,219.92,0.455
2.8,219.96,0.455
2.8,220.01,0.455
2.8,220.06,0.454
2.8,220.10,0.454
2.8,220.14,0.454
2.8,220.18,0.454
2.8,220.22,0.454
2.8,220.26,0.454
2.8,220.30,0.454
2.8,220.34,0.454
2.8,220.38,0.454
2.8,220.42,0.454
2.8,220.46,0.454
2.8,220.50,0.454
2.8,220.54,0.453
2.8,220.58,0.453
2.8,220.62,0.453
2.8,220.66,0.453
2.8,220.70,0.453
2.8,220.75,0.453
2.8,220.78,0.453
2.8,220.83,0.453
2.8,220.87,0.453
2.8,220.91,0.453
2.8,220.95,0.453
2.8,220.99,0.453
2.8,221.03,0.452
2.8,221.06,0.452
2.8,221.10,0.452
2.8,221.14,0.452
2.8,221.18,0.452
2.9,221.21,0.452
2.9,221.24,0.452
2.9,221.28,0.452
2.9,221.31,0.452
2.9,221.35,0.452
2.9,221.38,0.452
2.9,221.42,0.452
2.9,221.46,0.452
2.9,221.49,0.451
2.9,221.53,0.451
2.9,221.58,0.451
2.9,221.63,0.451
2.9,221.66,0.451
2.9,221.69,0.451
2.9,221.73,0.451
2.9,221.77,0.451
2.9,221.80,0.451
2.9,221.83,0.451
2.9,221.86,0.451
2.9,221.90,0.451
2.9,221.93,0.451
2.9,221.96,0.451
2.9,221.99,0.450
2.9,222.03,0.450
2.9,222.06,0.450
2.9,222.09,0.450
2.9,222.12,0.450
2.9,222.15,0.450
2.9,222.18,0.450
2.9,222.21,0.450
2.9,222.24,0.450
2.9,222.26,0.450
2.9,222.30,0.450
2.9,222.32,0.450
2.9,222.35,0.450
2.9,222.38,0.450
2.9,222.40,0.450
2.9,222.43,0.450
2.9,222.45,0.450
2.9,222.48,0.449
2.9,222.51,0.449
2.9,222.53,0.449
2.9,222.55,0.449
2.9,222.58,0.449
2.9,222.60,0.449
2.9,222.62,0.449
2.9,222.65,0.449
2.9,222.67,0.449
2.9,222.69,0.449
2.9,222.72,0.449
2.9,222.74,0.449
2.9,222.76,0.449
2.9,222.78,0.449
2.9,222.80,0.449
2.9,222.83,0.449
2.9,222.86,0.449
2.9,222.88,0.449
2.9,222.90,0.449
2.9,222.93,0.449
2.9,222.95,0.449
2.9,222.97,0.448
2.9,222.99,0.448
3.0,223.02,0.448
3.0,223.04,0.448
3.0,223.06,0.448
3.0,223.08,0.448
3.0,223.12,0.448
3.0,223.14,0.448
3.0,223.16,0.448
3.0,223.18,0.448
3.0,223.20,0.448
3.0,223.22,0.448
3.0,223.24,0.448
3.0,223.27,0.448
3.0,223.28,0.448
3.0,223.30,0.448
3.0,223.32,0.448
3.0,223.34,0.448
3.0,223.36,0.448
3.0,223.38,0.448
3.0,223.39,0.448
3.0,223.41,0.448
3.0,223.42,0.448
3.0,223.44,0.448
3.0,223.46,0.448
3.0,223.47,0.447
3.0,223.49,0.447
3.0,223.50,0.447
3.0,223.52,0.447
3.0,223.53,0.447
3.0,223.55,0.447
3.0,223.56,0.447
3.0,223.57,0.447
3.0,223.59,0.447
3.0,223.60,0.447
3.0,223.63,0.447
3.0,223.64,0.447
3.0,223.66,0.447
3.0,223.67,0.447
3.0,223.68,0.447
3.0,223.70,0.447
3.0,223.72,0.447
3.0,223.74,0.447
3.0,223.75,0.447
3.0,223.76,0.447
3.0,223.78,0.447
3.0,223.80,0.447
3.0,223.81,0.447
3.0,223.82,0.447
3.0,223.84,0.447
3.0,223.85,0.447
3.0,223.86,0.447
3.0,223.88,0.447
3.0,223.89,0.447
3.0,223.90,0.447
3.0,223.91,0.447
3.0,223.92,0.447
3.0,223.93,0.447
3.0,223.95,0.447
3.0,223.96,0.447
3.0,223.97,0.446
3.0,223.98,0.446
3.0,223.99,0.446
3.0,224.01,0.446
3.0,224.02,0.446
3.0,224.03,0.446
3.0,224.04,0.446
3.0,224.06,0.446
3.0,224.07,0.446
3.1,224.08,0.446
3.1,224.09,0.446
3.1,224.10,0.446
3.1,224.11,0.446
3.1,224.12,0.446
3.1,224.13,0.446
3.1,224.15,0.446
3.1,224.16,0.446
3.1,224.17,0.446
3.1,224.18,0.446
3.1,224.19,0.446
3.1,224.20,0.446
3.1,224.21,0.446
3.1,224.22,0.446
3.1,224.23,0.446
3.1,224.24,0.446
3.1,224.24,0.446
3.1,224.25,0.446
3.1,224.26,0.446
3.1,224.27,0.446
3.1,224.28,0.446
3.1,224.29,0.446
3.1,224.30,0.446
3.1,224.31,0.446
3.1,224.32,0.446
3.1,224.33,0.446
3.1,224.34,0.446
3.1,224.35,0.446
3.1,224.35,0.446
3.1,224.36,0.446
3.1,224.36,0.446
3.1,224.36,0.446
3.1,224.37,0.446
3.1,224.37,0.446
3.1,224.37,0.446
3.1,224.38,0.446
3.1,224.38,0.446
3.1,224.38,0.446
3.1,224.39,0.446
3.1,224.39,0.446
3.1,224.39,0.446
3.1,224.39,0.446
3.1,224.39,0.446
3.1,224.40,0.446
3.1,224.40,0.446
3.1,224.40,0.446
3.1,224.40,0.446
3.1,224.40,0.446
3.1,224.40,0.446
3.1,224.40,0.446
3.1,224.40,0.446
3.2,224.40,0.446
3.2,224.40,0.446
3.2,224.40,0.446
3.2,224.39,0.446
3.2,224.39,0.446
3.2,224.39,0.446
3.2,224.38,0.446
3.2,224.38,0.446
3.2,224.37,0.446
3.2,224.37,0.446
3.2,224.36,0.446
3.2,224.36,0.446
3.2,224.35,0.446
3.2,224.34,0.446
3.2,224.34,0.446
3.2,224.33,0.446
3.2,224.32,0.446
3.2,224.31,0.446
3.2,224.30,0.446
3.2,224.29,0.446
3.2,224.28,0.446
3.2,224.27,0.446
3.2,224.26,0.446
3.2,224.24,0.446
3.2,224.23,0.446
3.2,224.22,0.446
3.2,224.20,0.446
3.2,224.19,0.446
3.2,224.18,0.446
3.2,224.16,0.446
3.2,224.15,0.446
3.2,224.13,0.446
3.2,224.11,0.446
3.2,224.10,0.446
3.2,224.08,0.446
3.2,224.06,0.446
3.2,224.05,0.446
3.2,224.04,0.446
3.2,224.03,0.446
3.2,224.01,0.446
3.2,224.00,0.446
3.2,223.99,0.446
3.2,223.98,0.446
3.3,223.97,0.446
3.3,223.96,0.447
3.3,223.95,0.447
3.3,223.94,0.447
3.3,223.93,0.447
3.3,223.91,0.447
3.3,223.90,0.447
3.3,223.89,0.447
3.3,223.88,0.447
3.3,223.87,0.447
3.3,223.86,0.447
3.3,223.85,0.447
3.3,223.84,0.447
3.3,223.82,0.447
3.3,223.81,0.447
3.3,223.80,0.447
3.3,223.79,0.447
3.3,223.78,0.447
3.3,223.77,0.447
3.3,223.75,0.447
3.3,223.74,0.447
3.3,223.73,0.447
3.3,223.71,0.447
3.3,223.70,0.447
3.3,223.69,0.447
3.3,223.67,0.447
3.3,223.65,0.447
3.3,223.63,0.447
3.3,223.62,0.447
3.3,223.61,0.447
3.3,223.59,0.447
3.3,223.58,0.447
3.3,223.57,0.447
3.3,223.55,0.447
3.3,223.54,0.447
3.3,223.53,0.447
3.3,223.51,0.447
3.3,223.50,0.447
3.3,223.48,0.447
3.3,223.47,0.447
3.3,223.45,0.448
3.3,223.44,0.448
3.3,223.42,0.448
3.3,223.41,0.448
3.3,223.39,0.448
3.3,223.37,0.448
3.3,223.36,0.448
3.3,223.34,0.448
3.3,223.32,0.448
3.3,223.31,0.448
3.3,223.29,0.448
3.3,223.26,0.448
3.3,223.25,0.448
3.3,223.23,0.448
3.3,223.21,0.448
3.3,223.20,0.448
3.3,223.18,0.448
3.3,223.16,0.448
3.3,223.14,0.448
3.3,223.12,0.448
3.3,223.11,0.448
3.3,223.09,0.448
3.3,223.07,0.448
3.3,223.05,0.448
3.3,223.03,0.448
3.3,223.01,0.448
3.3,222.99,0.448
3.3,222.97,0.448
3.3,222.96,0.449
3.3,222.94,0.449
3.3,222.92,0.449
3.3,222.90,0.449
3.3,222.88,0.449
3.3,222.86,0.449
3.3,222.84,0.449
3.3,222.82,0.449
3.3,222.80,0.449
3.4,222.78,0.449
3.4,222.76,0.449
3.4,222.74,0.449
3.4,222.72,0.449
3.4,222.70,0.449
3.4,222.68,0.449
3.4,222.67,0.449
3.4,222.64,0.449
3.4,222.62,0.449
3.4,222.60,0.449
3.4,222.58,0.449
3.4,222.56,0.449
3.4,222.54,0.449
3.4,222.51,0.449
3.4,222.49,0.449
3.4,222.47,0.449
3.4,222.45,0.450
3.4,222.43,0.450
3.4,222.41,0.450
3.4,222.38,0.450
3.4,222.36,0.450
3.4,222.34,0.450
3.4,222.31,0.450
3.4,222.29,0.450
3.4,222.26,0.450
3.4,222.24,0.450
3.4,222.22,0.450
3.4,222.20,0.450
3.4,222.17,0.450
3.4,222.15,0.450
3.4,222.12,0.450
3.4,222.10,0.450
3.4,222.07,0.450
3.4,222.05,0.450
3.4,222.02,0.450
3.4,222.00,0.450
3.4,221.97,0.451
3.4,221.94,0.451
3.4,221.89,0.451
3.4,221.86,0.451
3.4,221.84,0.451
3.4,221.80,0.451
3.4,221.77,0.451
3.4,221.75,0.451
3.4,221.72,0.451
3.4,221.70,0.451
3.4,221.67,0.451
3.4,221.65,0.451
3.4,221.62,0.451
3.4,221.59,0.451
3.4,221.56,0.451
3.4,221.54,0.451
3.4,221.51,0.451
3.4,221.48,0.452
3.4,221.45,0.452
3.4,221.43,0.452
3.4,221.40,0.452
3.4,221.37,0.452
3.4,221.34,0.452
3.4,221.31,0.452
3.4,221.28,0.452
3.4,221.24,0.452
3.4,221.21,0.452
3.4,221.17,0.452
3.4,221.13,0.452
3.4,221.10,0.452
3.4,221.06,0.452
3.4,221.03,0.452
3.4,220.99,0.453
3.4,220.95,0.453
3.4,220.92,0.453
3.5,220.88,0.453
3.5,220.84,0.453
3.5,220.80,0.453
3.5,220.77,0.453
3.5,220.73,0.453
3.5,220.69,0.453
3.5,220.66,0.453
3.5,220.62,0.453
3.5,220.58,0.453
3.5,220.53,0.453
3.5,220.49,0.454
3.5,220.45,0.454
3.5,220.41,0.454
3.5,220.36,0.454
3.5,220.32,0.454
3.5,220.28,0.454
3.5,220.24,0.454
3.5,220.20,0.454
3.5,220.16,0.454
3.5,220.12,0.454
3.5,220.08,0.454
3.5,220.04,0.454
3.5,220.00,0.455
3.5,219.95,0.455
3.5,219.91,0.455
3.5,219.86,0.455
3.5,219.82,0.455
3.5,219.77,0.455
3.5,219.70,0.455
3.5,219.65,0.455
3.5,219.61,0.455
3.5,219.55,0.455
3.5,219.50,0.456
3.5,219.45,0.456
3.5,219.41,0.456
3.5,219.35,0.456
3.5,219.30,0.456
3.5,219.24,0.456
3.5,219.19,0.456
3.5,219.14,0.456
3.5,219.09,0.456
3.5,219.04,0.457
3.5,218.99,0.457
3.5,218.93,0.457
3.5,218.88,0.457
3.5,218.83,0.457
3.5,218.78,0.457
3.5,218.73,0.457
3.5,218.68,0.457
3.5,218.62,0.457
3.5,218.57,0.458
3.5,218.52,0.458
3.5,218.45,0.458
3.5,218.39,0.458
3.5,218.34,0.458
3.6,218.28,0.458
3.6,218.20,0.458
3.6,218.14,0.458
3.6,218.09,0.459
3.6,218.04,0.459
3.6,217.98,0.459
3.6,217.92,0.459
3.6,217.87,0.459
3.6,217.82,0.459
3.6,217.76,0.459
3.6,217.70,0.459
3.6,217.64,0.459
3.6,217.59,0.460
3.6,217.52,0.460
3.6,217.47,0.460
3.6,217.41,0.460
3.6,217.36,0.460
3.6,217.29,0.460
3.6,217.24,0.460
3.6,217.17,0.460
3.6,217.12,0.461
3.6,217.06,0.461
3.6,216.97,0.461
3.6,216.91,0.461
3.6,216.85,0.461
3.6,216.79,0.461
3.6,216.73,0.461
3.6,216.66,0.462
3.6,216.60,0.462
3.6,216.55,0.462
3.6,216.48,0.462
3.6,216.42,0.462
3.6,216.36,0.462
3.6,216.29,0.462
3.6,216.23,0.462
3.6,216.17,0.463
3.6,216.11,0.463
3.6,216.04,0.463
3.6,215.98,0.463
3.6,215.92,0.463
3.6,215.86,0.463
3.6,215.80,0.463
3.6,215.74,0.464
3.6,215.67,0.464
3.6,215.61,0.464
3.6,215.54,0.464
3.6,215.48,0.464
3.6,215.42,0.464
3.6,215.36,0.464
3.6,215.30,0.464
3.6,215.23,0.465
3.6,215.17,0.465
3.6,215.09,0.465
3.6,215.02,0.465
3.7,214.96,0.465
3.7,214.89,0.465
3.7,214.82,0.465
3.7,214.76,0.466
3.7,214.68,0.466
3.7,214.62,0.466
3.7,214.55,0.466
3.7,214.48,0.466
3.7,214.41,0.466
3.7,214.35,0.467
3.7,214.27,0.467
3.7,214.20,0.467
3.7,214.13,0.467
3.7,214.06,0.467
3.7,213.99,0.467
3.7,213.92,0.467
3.7,213.86,0.468
3.7,213.79,0.468
3.7,213.71,0.468
3.7,213.62,0.468
3.7,213.55,0.468
3.7,213.48,0.468
3.7,213.41,0.469
3.7,213.34,0.469
3.7,213.27,0.469
3.7,213.20,0.469
3.7,213.11,0.469
3.7,213.02,0.469
3.7,212.95,0.470
3.7,212.87,0.470
3.7,212.80,0.470
3.7,212.73,0.470
3.7,212.64,0.470
3.7,212.58,0.470
3.7,212.50,0.471
3.7,212.42,0.471
3.7,212.33,0.471
3.7,212.25,0.471
3.7,212.18,0.471
3.7,212.08,0.472
3.7,211.96,0.472
3.7,211.86,0.472
3.7,211.79,0.472
3.7,211.72,0.472
3.7,211.64,0.473
3.7,211.56,0.473
3.7,211.49,0.473
3.7,211.41,0.473
3.7,211.32,0.473
3.7,211.25,0.473
3.7,211.16,0.474
3.7,211.10,0.474
3.8,211.02,0.474
3.8,210.95,0.474
3.8,210.86,0.474
3.8,210.78,0.474
3.8,210.71,0.475
3.8,210.64,0.475
3.8,210.57,0.475
3.8,210.50,0.475
3.8,210.43,0.475
3.8,210.37,0.475
3.8,210.29,0.476
3.8,210.18,0.476
3.8,210.12,0.476
3.8,210.06,0.476
3.8,210.00,0.476
3.8,209.93,0.476
3.8,209.88,0.476
3.8,209.82,0.477
3.8,209.76,0.477
3.8,209.66,0.477
3.8,209.59,0.477
3.8,209.53,0.477
3.8,209.47,0.477
3.8,209.40,0.478
3.8,209.33,0.478
3.8,209.25,0.478
3.8,209.19,0.478
3.8,209.11,0.478
3.8,209.00,0.478
3.8,208.92,0.479
3.8,208.84,0.479
3.8,208.77,0.479
3.8,208.68,0.479
3.8,208.60,0.479
3.8,208.53,0.480
3.8,208.45,0.480
3.8,208.38,0.480
3.8,208.29,0.480
3.8,208.17,0.480
3.8,208.09,0.481
3.8,208.01,0.481
3.8,207.93,0.481
3.8,207.85,0.481
3.8,207.78,0.481
3.8,207.70,0.481
3.8,207.63,0.482
3.8,207.55,0.482
3.8,207.47,0.482
3.8,207.38,0.482
3.8,207.31,0.482
3.8,207.23,0.483
3.8,207.16,0.483
3.8,207.10,0.483
3.8,207.02,0.483
3.8,206.96,0.483
3.8,206.89,0.483
3.8,206.83,0.483
3.8,206.77,0.484
3.8,206.69,0.484
3.8,206.63,0.484
3.8,206.56,0.484
3.8,206.49,0.484
3.9,206.42,0.484
3.9,206.36,0.485
3.9,206.29,0.485
3.9,206.22,0.485
3.9,206.13,0.485
3.9,206.05,0.485
3.9,205.97,0.485
3.9,205.90,0.486
3.9,205.82,0.486
3.9,205.75,0.486
3.9,205.68,0.486
3.9,205.61,0.486
3.9,205.53,0.487
3.9,205.45,0.487
3.9,205.38,0.487
3.9,205.31,0.487
3.9,205.24,0.487
3.9,205.17,0.487
3.9,205.06,0.488
3.9,204.98,0.488
3.9,204.92,0.488
3.9,204.85,0.488
3.9,204.78,0.488
3.9,204.71,0.488
3.9,204.64,0.489
3.9,204.56,0.489
3.9,204.49,0.489
3.9,204.42,0.489
3.9,204.35,0.489
3.9,204.27,0.490
3.9,204.20,0.490
3.9,204.13,0.490
3.9,204.06,0.490
3.9,203.99,0.490
3.9,203.92,0.490
3.9,203.85,0.491
3.9,203.78,0.491
3.9,203.71,0.491
3.9,203.65,0.491
3.9,203.57,0.491
3.9,203.50,0.491
3.9,203.43,0.492
3.9,203.35,0.492
3.9,203.28,0.492
3.9,203.21,0.492
3.9,203.13,0.492
3.9,203.05,0.492
3.9,202.98,0.493
3.9,202.91,0.493
3.9,202.83,0.493
3.9,202.76,0.493
3.9,202.68,0.493
3.9,202.61,0.494
3.9,202.44,0.494
3.9,202.26,0.494
3.9,202.17,0.495
3.9,202.10,0.495
3.9,202.02,0.495
3.9,201.94,0.495
3.9,201.85,0.495
3.9,201.77,0.496
3.9,201.69,0.496
3.9,201.62,0.496
3.9,201.54,0.496
3.9,201.47,0.496
3.9,201.39,0.497
4.0,201.32,0.497
4.0,201.24,0.497
4.0,201.17,0.497
4.0,201.09,0.497
4.0,201.02,0.497
4.0,200.94,0.498
4.0,200.86,0.498
4.0,200.79,0.498
4.0,200.71,0.498
4.1,200.64,0.498
4.1,195.19,0.512
4.1,193.53,0.517
4.1,193.16,0.518
4.1,192.84,0.519
4.1,192.73,0.519
4.1,192.63,0.519
4.1,192.53,0.519
4.1,192.42,0.520
4.1,192.31,0.520
4.1,192.21,0.520
4.1,192.11,0.521
4.1,191.99,0.521
4.1,191.89,0.521
4.1,191.79,0.521
4.1,191.69,0.522
4.1,191.59,0.522
4.1,191.49,0.522
4.1,191.38,0.523
4.1,191.26,0.523
4.1,191.16,0.523
4.1,191.06,0.523
4.1,190.96,0.524
4.1,190.84,0.524
4.1,190.74,0.524
4.1,190.63,0.525
4.1,190.52,0.525
4.1,190.39,0.525
4.1,190.28,0.526
4.1,190.18,0.526
4.1,190.07,0.526
4.1,189.95,0.526
4.1,189.84,0.527
4.1,189.74,0.527
4.1,189.63,0.527
4.2,189.52,0.528
4.2,189.41,0.528
4.2,189.29,0.528
4.2,189.18,0.529
4.2,189.08,0.529
4.2,188.97,0.529
4.2,188.86,0.530
4.2,188.75,0.530
4.2,188.64,0.530
4.2,188.32,0.531
4.2,188.21,0.531
4.2,188.10,0.532
4.2,187.99,0.532
4.2,187.88,0.532
4.2,187.76,0.533
4.2,187.64,0.533
4.2,187.53,0.533
4.2,187.41,0.534
4.2,187.30,0.534
4.2,187.19,0.534
4.2,187.08,0.535
4.2,186.97,0.535
4.2,186.85,0.535
4.2,186.67,0.536
4.2,186.54,0.536
4.2,186.44,0.536
4.2,186.33,0.537
4.2,186.20,0.537
4.2,186.08,0.537
4.2,185.97,0.538
4.2,185.86,0.538
4.2,185.74,0.538
4.2,185.62,0.539
4.2,185.51,0.539
4.2,185.40,0.539
4.2,185.29,0.540
4.2,185.17,0.540
4.2,185.05,0.540
4.2,184.94,0.541
4.2,184.83,0.541
4.2,184.72,0.541
4.2,184.60,0.542
4.2,184.47,0.542
4.2,184.35,0.542
4.2,184.23,0.543
4.2,184.12,0.543
4.2,184.00,0.543
4.2,183.88,0.544
4.2,183.77,0.544
4.2,183.66,0.544
4.2,183.54,0.545
4.2,183.43,0.545
4.3,183.31,0.546
4.3,182.94,0.547
4.3,182.81,0.547
4.3,182.70,0.547
4.3,182.59,0.548
4.3,182.47,0.548
4.3,182.35,0.548
4.3,182.23,0.549
4.3,182.12,0.549
4.3,181.99,0.549
4.3,181.88,0.550
4.3,181.75,0.550
4.3,181.62,0.551
4.3,181.49,0.551
4.3,181.36,0.551
4.3,181.24,0.552
4.3,181.12,0.552
4.3,181.01,0.552
4.3,180.89,0.553
4.3,180.77,0.553
4.3,180.64,0.554
4.3,180.51,0.554
4.3,180.38,0.554
4.3,180.26,0.555
4.3,180.14,0.555
4.3,180.02,0.556
4.3,179.89,0.556
4.3,179.77,0.556
4.3,179.65,0.557
4.3,179.52,0.557
4.3,179.32,0.558
4.3,179.19,0.558
4.3,179.06,0.558
4.3,178.94,0.559
4.3,178.81,0.559
4.3,178.69,0.560
4.3,178.56,0.560
4.3,178.44,0.560
4.3,178.32,0.561
4.3,178.19,0.561
4.3,178.06,0.562
4.3,177.95,0.562
4.3,177.82,0.562
4.3,177.69,0.563
4.3,177.55,0.563
4.3,177.14,0.565
4.3,177.01,0.565
4.3,176.88,0.565
4.3,176.76,0.566
4.3,176.62,0.566
4.3,176.50,0.567
4.3,176.37,0.567
4.4,176.23,0.567
4.4,176.09,0.568
4.4,175.95,0.568
4.4,175.83,0.569
4.4,175.68,0.569
4.4,175.56,0.570
4.4,175.43,0.570
4.4,175.30,0.570
4.4,175.14,0.571
4.4,174.99,0.571
4.4,174.86,0.572
4.4,174.72,0.572
4.4,174.57,0.573
4.4,174.43,0.573
4.4,174.27,0.574
4.4,174.14,0.574
4.4,174.01,0.575
4.4,173.85,0.575
4.4,173.70,0.576
4.4,173.58,0.576
4.4,173.42,0.577
4.4,173.26,0.577
4.4,173.12,0.578
4.4,172.98,0.578
4.4,172.85,0.579
4.4,172.71,0.579
4.4,172.59,0.579
4.4,172.45,0.580
4.4,172.31,0.580
4.4,172.18,0.581
4.4,172.05,0.581
4.4,171.91,0.582
4.4,171.76,0.582
4.4,171.61,0.583
4.4,171.45,0.583
4.4,170.96,0.585
4.4,170.80,0.585
4.4,170.65,0.586
4.4,170.51,0.586
4.4,170.38,0.587
4.4,170.23,0.587
4.4,170.08,0.588
4.4,169.93,0.588
4.4,169.79,0.589
4.4,169.66,0.589
4.4,169.50,0.590
4.4,169.36,0.590
4.4,169.20,0.591
4.5,169.02,0.592
4.5,168.88,0.592
4.5,168.74,0.593
4.5,168.60,0.593
4.5,168.46,0.594
4.5,168.33,0.594
4.5,168.17,0.595
4.5,168.03,0.595
4.5,167.88,0.596
4.5,167.74,0.596
4.5,167.58,0.597
4.5,167.41,0.597
4.5,167.27,0.598
4.5,167.13,0.598
4.5,167.00,0.599
4.5,166.86,0.599
4.5,166.70,0.600
4.5,166.55,0.600
4.5,166.41,0.601
4.5,166.26,0.601
4.5,166.12,0.602
4.5,165.98,0.602
4.5,165.80,0.603
4.5,165.66,0.604
4.5,165.52,0.604
4.5,165.35,0.605
4.5,165.19,0.605
4.5,165.03,0.606
4.5,164.88,0.606
4.5,164.43,0.608
4.5,163.87,0.610
4.5,163.69,0.611
4.5,163.53,0.612
4.5,163.39,0.612
4.5,163.22,0.613
4.5,163.07,0.613
4.5,162.89,0.614
4.5,162.72,0.615
4.5,162.47,0.616
4.5,162.31,0.616
4.5,162.13,0.617
4.5,161.96,0.617
4.6,161.80,0.618
4.6,161.62,0.619
4.6,161.47,0.619
4.6,161.28,0.620
4.6,161.10,0.621
4.6,160.92,0.621
4.6,160.73,0.622
4.6,160.56,0.623
4.6,160.41,0.623
4.6,160.22,0.624
4.6,160.05,0.625
4.6,159.88,0.625
4.6,159.70,0.626
4.6,159.52,0.627
4.6,159.34,0.628
4.6,159.16,0.628
4.6,158.99,0.629
4.6,158.80,0.630
4.6,158.61,0.630
4.6,158.42,0.631
4.6,158.23,0.632
4.6,158.05,0.633
4.6,157.87,0.633
4.6,157.34,0.636
4.6,157.14,0.636
4.6,156.95,0.637
4.6,156.77,0.638
4.6,156.58,0.639
4.6,156.40,0.639
4.6,156.21,0.640
4.6,155.99,0.641
4.6,155.81,0.642
4.6,155.63,0.643
4.6,155.42,0.643
4.6,155.23,0.644
4.6,154.97,0.645
4.6,154.69,0.646
4.7,154.35,0.648
4.7,154.12,0.649
4.7,153.93,0.650
4.7,153.73,0.650
4.7,153.47,0.652
4.7,153.18,0.653
4.7,152.90,0.654
4.7,152.64,0.655
4.7,152.42,0.656
4.7,152.21,0.657
4.7,151.99,0.658
4.7,151.76,0.659
4.7,151.52,0.660
4.7,151.31,0.661
4.7,151.07,0.662
4.7,150.84,0.663
4.7,150.58,0.664
4.7,150.02,0.667
4.7,149.78,0.668
4.7,149.54,0.669
4.7,149.32,0.670
4.7,149.07,0.671
4.7,148.83,0.672
4.7,148.62,0.673
4.7,148.37,0.674
4.7,148.12,0.675
4.7,147.87,0.676
4.7,147.65,0.677
4.7,147.39,0.678
4.7,147.15,0.680
4.8,146.91,0.681
4.8,146.70,0.682
4.8,146.45,0.683
4.8,146.23,0.684
4.8,146.00,0.685
4.8,145.77,0.686
4.8,145.52,0.687
4.8,145.29,0.688
4.8,145.06,0.689
4.8,144.81,0.691
4.8,144.58,0.692
4.8,144.34,0.693
4.8,144.08,0.694
4.8,143.84,0.695
4.8,143.62,0.696
4.8,143.41,0.697
4.8,143.15,0.699
4.8,142.89,0.700
4.8,142.22,0.703
4.8,141.98,0.704
4.8,141.74,0.706
4.8,141.47,0.707
4.8,141.22,0.708
4.8,140.95,0.709
4.8,140.71,0.711
4.8,140.49,0.712
4.8,140.27,0.713
4.8,140.02,0.714
4.8,139.79,0.715
4.9,139.57,0.716
4.9,139.31,0.718
4.9,139.08,0.719
4.9,138.86,0.720
4.9,138.63,0.721
4.9,138.41,0.723
4.9,138.16,0.724
4.9,137.94,0.725
4.9,137.73,0.726
4.9,137.50,0.727
4.9,137.27,0.728
4.9,137.06,0.730
4.9,136.83,0.731
4.9,136.58,0.732
4.9,136.36,0.733
4.9,136.13,0.735
4.9,135.96,0.736
4.9,135.79,0.736
4.9,135.61,0.737
4.9,135.44,0.738
4.9,135.26,0.739
4.9,135.01,0.741
4.9,134.79,0.742
4.9,134.18,0.745
4.9,133.99,0.746
4.9,133.81,0.747
4.9,133.63,0.748
4.9,133.46,0.749
4.9,133.27,0.750
4.9,133.10,0.751
4.9,132.92,0.752
4.9,132.75,0.753
4.9,132.57,0.754
4.9,132.38,0.755
4.9,132.19,0.756
5.0,132.00,0.758
5.0,131.74,0.759
5.0,131.52,0.760
5.0,131.34,0.761
5.0,131.16,0.762
5.0,130.98,0.763
5.0,130.80,0.765
5.0,130.62,0.766
5.0,130.45,0.767
5.0,130.27,0.768
5.0,130.09,0.769
5.0,129.90,0.770
5.0,129.72,0.771
5.0,129.55,0.772
5.0,129.37,0.773
5.0,129.19,0.774
5.0,129.01,0.775
5.0,128.84,0.776
5.0,128.65,0.777
5.0,128.47,0.778
5.0,128.28,0.780
5.0,128.09,0.781
5.0,127.89,0.782
5.0,127.72,0.783
5.0,127.54,0.784
5.0,127.36,0.785
5.0,127.17,0.786
5.0,127.00,0.787
5.0,126.82,0.789
5.0,126.62,0.790
5.0,126.43,0.791
5.0,125.86,0.795
5.0,125.67,0.796
5.0,125.49,0.797
5.0,125.31,0.798
5.0,125.13,0.799
5.1,124.94,0.800
5.1,124.75,0.802
5.1,124.57,0.803
5.1,124.38,0.804
5.1,124.20,0.805
5.1,124.01,0.806
5.1,123.80,0.808
5.1,123.61,0.809
5.1,123.43,0.810
5.1,123.25,0.811
5.1,123.05,0.813
5.1,122.86,0.814
5.1,122.68,0.815
5.1,122.50,0.816
5.1,122.32,0.818
5.1,122.13,0.819
5.1,121.95,0.820
5.1,121.76,0.821
5.1,121.59,0.822
5.1,121.39,0.824
5.1,121.20,0.825
5.1,121.02,0.826
5.1,120.84,0.828
5.1,120.65,0.829
5.1,120.37,0.831
5.1,120.17,0.832
5.1,119.97,0.834
5.1,119.79,0.835
5.1,119.59,0.836
5.1,119.40,0.838
5.1,119.21,0.839
5.1,119.01,0.840
5.1,118.83,0.842
5.1,118.63,0.843
5.1,118.43,0.844
5.1,118.24,0.846
5.2,118.07,0.847
5.2,117.86,0.848
5.2,117.25,0.853
5.2,117.06,0.854
5.2,116.86,0.856
5.2,116.67,0.857
5.2,116.47,0.859
5.2,116.27,0.860
5.2,116.08,0.861
5.2,115.88,0.863
5.2,115.70,0.864
5.2,115.52,0.866
5.2,115.33,0.867
5.2,115.13,0.869
5.2,114.95,0.870
5.2,114.76,0.871
5.2,114.56,0.873
5.2,114.37,0.874
5.2,114.17,0.876
5.2,113.98,0.877
5.2,113.78,0.879
5.2,113.59,0.880
5.2,113.39,0.882
5.2,113.21,0.883
5.2,113.02,0.885
5.2,112.83,0.886
5.2,112.55,0.888
5.2,112.32,0.890
5.2,112.06,0.892
5.2,111.80,0.894
5.2,111.55,0.896
5.3,111.31,0.898
5.3,111.06,0.900
5.3,110.81,0.902
5.3,110.57,0.904
5.3,110.31,0.906
5.3,110.08,0.908
5.3,109.83,0.910
5.3,109.58,0.913
5.3,109.34,0.915
5.3,109.08,0.917
5.3,108.35,0.923
5.3,108.07,0.925
5.3,107.82,0.927
5.3,107.54,0.930
5.3,107.28,0.932
5.3,107.02,0.934
5.3,106.77,0.937
5.3,106.52,0.939
5.3,106.23,0.941
5.3,105.98,0.944
5.3,105.74,0.946
5.3,105.49,0.948
5.4,105.21,0.950
5.4,104.96,0.953
5.4,104.69,0.955
5.4,104.39,0.958
5.4,104.11,0.961
5.4,103.82,0.963
5.4,103.55,0.966
5.4,103.31,0.968
5.4,102.93,0.971
5.4,102.70,0.974
5.4,102.48,0.976
5.4,102.23,0.978
5.4,101.97,0.981
5.4,101.72,0.983
5.4,101.48,0.985
5.4,101.24,0.988
5.4,100.90,0.991
5.4,100.67,0.993
5.4,100.44,0.996
5.4,99.80,1.002
5.4,99.58,1.004
5.5,99.35,1.006
5.5,99.13,1.009
5.5,98.91,1.011
5.5,98.66,1.014
5.5,98.39,1.016
5.5,98.16,1.019
5.5,97.91,1.021
5.5,97.62,1.024
5.5,97.15,1.029
5.5,96.92,1.032
5.5,96.62,1.035
5.5,96.33,1.038
5.5,96.05,1.041
5.5,95.79,1.044
5.5,95.57,1.046
5.5,95.36,1.049
5.5,95.16,1.051
5.5,94.90,1.054
5.5,94.73,1.056
5.5,94.53,1.058
5.5,94.34,1.060
5.6,94.17,1.062
5.6,94.00,1.064
5.6,93.83,1.066
5.6,93.66,1.068
5.6,93.49,1.070
5.6,93.32,1.072
5.6,93.14,1.074
5.6,92.97,1.076
5.6,92.80,1.078
5.6,92.63,1.080
5.6,92.46,1.082
5.6,92.29,1.084
5.6,91.78,1.090
5.6,91.20,1.097
5.6,91.03,1.099
5.6,90.86,1.101
5.6,90.70,1.102
5.6,90.54,1.104
5.6,90.38,1.106
5.6,90.22,1.108
5.6,90.07,1.110
5.6,89.91,1.112
5.6,89.75,1.114
5.6,89.59,1.116
5.7,89.44,1.118
5.7,89.27,1.120
5.7,89.12,1.122
5.7,88.97,1.124
5.7,88.81,1.126
5.7,88.64,1.128
5.7,88.49,1.130
5.7,88.34,1.132
5.7,88.18,1.134
5.7,88.00,1.136
5.7,87.82,1.139
5.7,87.66,1.141
5.7,87.49,1.143
5.7,87.34,1.145
5.7,87.17,1.147
5.7,86.95,1.150
5.7,86.79,1.152
5.7,86.64,1.154
5.7,86.47,1.157
5.7,86.32,1.159
5.7,86.16,1.161
5.7,86.02,1.163
5.7,85.87,1.165
5.7,85.72,1.167
5.7,85.57,1.169
5.7,85.43,1.171
5.8,85.28,1.173
5.8,85.14,1.175
5.8,84.99,1.177
5.8,84.52,1.183
5.8,84.37,1.185
5.8,84.23,1.187
5.8,84.09,1.189
5.8,83.95,1.191
5.8,83.80,1.193
5.8,83.66,1.195
5.8,83.52,1.197
5.8,83.38,1.199
5.8,83.25,1.201
5.8,83.11,1.203
5.8,82.97,1.205
5.8,82.83,1.207
5.8,82.70,1.209
5.8,82.57,1.211
5.8,82.43,1.213
5.8,82.30,1.215
5.8,82.17,1.217
5.8,82.05,1.219
5.8,81.92,1.221
5.9,81.79,1.223
5.9,81.66,1.225
5.9,81.54,1.226
5.9,81.42,1.228
5.9,81.30,1.230
5.9,81.18,1.232
5.9,81.07,1.234
5.9,80.95,1.235
5.9,80.83,1.237
5.9,80.71,1.239
5.9,80.59,1.241
5.9,80.47,1.243
5.9,80.34,1.245
5.9,80.22,1.247
5.9,80.11,1.248
5.9,79.99,1.250
5.9,79.89,1.252
5.9,79.78,1.254
5.9,79.66,1.255
5.9,79.54,1.257
5.9,79.42,1.259
5.9,79.31,1.261
6.0,79.20,1.263
6.0,78.86,1.268
6.0,78.71,1.270
6.0,78.61,1.272
6.0,78.51,1.274
6.0,78.40,1.275
6.0,78.31,1.277
6.0,78.22,1.278
6.0,78.13,1.280
6.0,78.04,1.281
6.0,77.95,1.283
6.0,77.87,1.284
6.0,77.78,1.286
6.0,77.70,1.287
6.0,77.60,1.289
6.0,77.52,1.290
6.0,77.43,1.291
6.0,77.35,1.293
6.0,77.27,1.294
6.0,77.19,1.295
6.0,77.12,1.297
6.0,77.04,1.298
6.0,76.97,1.299
6.0,76.90,1.300
6.1,76.83,1.302
6.1,76.75,1.303
6.1,76.68,1.304
6.1,76.61,1.305
6.1,76.54,1.306
6.1,76.47,1.308
6.1,76.41,1.309
6.1,76.34,1.310
6.1,76.28,1.311
6.1,76.21,1.312
6.1,76.16,1.313
6.1,76.10,1.314
6.1,76.03,1.315
6.1,75.97,1.316
6.1,75.92,1.317
6.1,75.87,1.318
6.1,75.81,1.319
6.1,75.76,1.320
6.1,75.70,1.321
6.1,75.66,1.322
6.1,75.61,1.323
6.2,75.47,1.325
6.2,75.43,1.326
6.2,75.38,1.327
6.2,75.34,1.327
6.2,75.30,1.328
6.2,75.27,1.329
6.2,75.23,1.329
6.2,75.20,1.330
6.2,75.16,1.330
6.2,75.13,1.331
6.2,75.10,1.331
6.2,75.08,1.332
6.2,75.05,1.332
6.2,75.02,1.333
6.2,75.00,1.333
6.2,74.97,1.334
6.2,74.94,1.334
6.2,74.92,1.335
6.2,74.90,1.335
6.2,74.88,1.335
6.2,74.87,1.336
6.2,74.86,1.336
6.3,74.84,1.336
6.3,74.83,1.336
6.3,74.82,1.336
6.3,74.82,1.337
6.3,74.81,1.337
6.3,74.81,1.337
6.3,74.80,1.337
0.0,74.80,1.337
0.0,74.80,1.337
0.0,74.80,1.337
0.0,74.80,1.337
0.0,74.81,1.337
0.0,74.81,1.337
0.0,74.82,1.337
0.0,74.83,1.336
0.0,74.84,1.336
0.0,74.85,1.336
0.0,74.86,1.336
0.0,74.87,1.336
0.1,74.89,1.335
0.1,74.91,1.335
0.1,74.97,1.334
0.1,74.99,1.334
0.1,75.01,1.333
0.1,75.04,1.333
0.1,75.06,1.332
0.1,75.09,1.332
0.1,75.12,1.331
0.1,75.15,1.331
0.1,75.18,1.330
0.1,75.21,1.330
0.1,75.25,1.329
0.1,75.28,1.328
0.1,75.32,1.328
0.1,75.36,1.327
0.1,75.40,1.326
0.1,75.44,1.326
0.1,75.48,1.325
0.1,75.52,1.324
0.1,75.57,1.323
0.2,75.61,1.323
0.2,75.66,1.322
0.2,75.72,1.321
0.2,75.76,1.320
0.2,75.81,1.319
0.2,75.87,1.318
0.2,75.92,1.317
0.2,75.97,1.316
0.2,76.04,1.315
0.2,76.10,1.314
0.2,76.16,1.313
0.2,76.22,1.312
0.2,76.29,1.311
0.2,76.38,1.309
0.2,76.45,1.308
0.2,76.51,1.307
0.2,76.58,1.306
0.2,76.66,1.304
0.2,76.74,1.303
0.2,76.81,1.302
0.2,76.89,1.301
0.2,76.96,1.299
0.2,77.04,1.298
0.3,77.12,1.297
0.3,77.20,1.295
0.3,77.45,1.291
0.3,77.54,1.290
0.3,77.62,1.288
0.3,77.71,1.287
0.3,77.80,1.285
0.3,77.89,1.284
0.3,78.00,1.282
0.3,78.10,1.280
0.3,78.19,1.279
0.3,78.29,1.277
0.3,78.40,1.276
0.3,78.50,1.274
0.3,78.60,1.272
0.3,78.70,1.271
0.3,78.81,1.269
0.3,78.94,1.267
0.3,79.05,1.265
0.3,79.17,1.263
0.4,79.30,1.261
0.4,79.43,1.259
0.4,79.55,1.257
0.4,79.67,1.255
0.4,79.81,1.253
0.4,79.94,1.251
0.4,80.07,1.249
0.4,80.20,1.247
0.4,80.34,1.245
0.4,80.48,1.243
0.4,80.61,1.241
0.4,80.75,1.238
0.4,80.90,1.236
0.4,81.04,1.234
0.4,81.19,1.232
0.4,81.34,1.229
0.4,81.48,1.227
0.4,81.63,1.225
0.4,81.79,1.223
0.4,81.95,1.220
0.5,82.14,1.217
0.5,82.57,1.211
0.5,82.83,1.207
0.5,83.02,1.205
0.5,83.17,1.202
0.5,83.34,1.200
0.5,83.50,1.198
0.5,83.66,1.195
0.5,83.80,1.193
0.5,83.95,1.191
0.5,84.10,1.189
0.5,84.23,1.187
0.5,84.38,1.185
0.5,84.52,1.183
0.5,84.68,1.181
0.5,84.83,1.179
0.5,84.98,1.177
0.5,85.14,1.175
0.5,85.28,1.173
0.5,85.44,1.170
0.5,85.58,1.168
0.6,85.74,1.166
0.6,85.88,1.164
0.6,86.05,1.162
0.6,86.21,1.160
0.6,86.36,1.158
0.6,86.52,1.156
0.6,86.67,1.154
0.6,86.83,1.152
0.6,86.98,1.150
0.6,87.14,1.148
0.6,87.29,1.146
0.6,87.44,1.144
0.6,87.59,1.142
0.6,87.75,1.140
0.6,87.91,1.138
0.6,88.07,1.135
0.6,88.23,1.133
0.6,88.39,1.131
0.6,88.55,1.129
0.6,88.70,1.127
0.6,88.90,1.125
0.6,89.40,1.119
0.6,89.57,1.116
0.6,89.73,1.114
0.7,89.89,1.112
0.7,90.07,1.110
0.7,90.25,1.108
0.7,90.43,1.106
0.7,90.61,1.104
0.7,90.77,1.102
0.7,90.93,1.100
0.7,91.09,1.098
0.7,91.26,1.096
0.7,91.42,1.094
0.7,91.59,1.092
0.7,91.75,1.090
0.7,91.93,1.088
0.7,92.22,1.084
0.7,92.39,1.082
0.7,92.56,1.080
0.7,92.72,1.078
0.7,92.90,1.076
0.7,93.06,1.075
0.7,93.24,1.072
0.7,93.41,1.071
0.7,93.58,1.069
0.7,93.75,1.067
0.7,93.94,1.065
0.7,94.13,1.062
0.7,94.30,1.060
0.7,94.47,1.058
0.7,94.64,1.057
0.8,94.82,1.055
0.8,94.98,1.053
0.8,95.17,1.051
0.8,95.33,1.049
0.8,95.50,1.047
0.8,95.67,1.045
0.8,95.85,1.043
0.8,96.02,1.041
0.8,96.21,1.039
0.8,96.40,1.037
0.8,96.56,1.036
0.8,96.74,1.034
0.8,96.92,1.032
0.8,97.46,1.026
0.8,97.65,1.024
0.8,97.84,1.022
0.8,98.03,1.020
0.8,98.21,1.018
0.8,98.38,1.016
0.8,98.56,1.015
0.8,98.76,1.013
0.8,98.93,1.011
0.8,99.10,1.009
0.8,99.27,1.007
0.8,99.45,1.006
0.8,99.64,1.004
0.8,99.88,1.001
0.9,100.08,0.999
0.9,100.25,0.997
0.9,100.44,0.996
0.9,100.62,0.994
0.9,100.82,0.992
0.9,101.01,0.990
0.9,101.19,0.988
0.9,101.39,0.986
0.9,101.57,0.985
0.9,101.76,0.983
0.9,101.94,0.981
0.9,102.14,0.979
0.9,102.32,0.977
0.9,102.54,0.975
0.9,102.74,0.973
0.9,102.92,0.972
0.9,103.23,0.969
0.9,103.44,0.967
0.9,103.63,0.965
0.9,103.80,0.963
0.9,103.98,0.962
0.9,104.16,0.960
0.9,104.34,0.958
0.9,104.51,0.957
0.9,104.69,0.955
0.9,104.88,0.953
0.9,105.07,0.952
0.9,105.25,0.950
0.9,105.43,0.948
1.0,106.00,0.943
1.0,106.19,0.942
1.0,106.38,0.940
1.0,106.57,0.938
1.0,106.76,0.937
1.0,106.94,0.935
1.0,107.14,0.933
1.0,107.32,0.932
1.0,107.51,0.930
1.0,107.72,0.928
1.0,107.90,0.927
1.0,108.08,0.925
1.0,108.26,0.924
1.0,108.45,0.922
1.0,108.63,0.921
1.0,108.81,0.919
1.0,109.02,0.917
1.0,109.22,0.916
1.0,109.44,0.914
1.0,109.63,0.912
1.0,109.81,0.911
1.0,109.99,0.909
1.0,110.19,0.908
1.0,110.38,0.906
1.0,110.56,0.905
1.0,110.73,0.903
1.0,110.91,0.902
1.0,111.11,0.900
1.0,111.31,0.898
1.0,111.51,0.897
1.0,111.69,0.895
1.0,111.89,0.894
1.0,112.09,0.892
1.1,112.29,0.891
1.1,112.48,0.889
1.1,112.67,0.888
1.1,112.88,0.886
1.1,113.09,0.884
1.1,113.29,0.883
1.1,113.47,0.881
1.1,113.65,0.880
1.1,113.85,0.878
1.1,114.05,0.877
1.1,114.23,0.875
1.1,114.81,0.871
1.1,115.10,0.869
1.1,115.29,0.867
1.1,115.48,0.866
1.1,115.69,0.864
1.1,115.88,0.863
1.1,116.07,0.862
1.1,116.25,0.860
1.1,116.44,0.859
1.1,116.63,0.857
1.1,116.82,0.856
1.1,117.00,0.855
1.1,117.18,0.853
1.1,117.37,0.852
1.1,117.56,0.851
1.1,117.73,0.849
1.1,117.91,0.848
1.1,118.09,0.847
1.1,118.28,0.845
1.1,118.45,0.844
1.1,118.63,0.843
1.1,118.81,0.842
1.2,118.99,0.840
1.2,119.18,0.839
1.2,119.36,0.838
1.2,119.54,0.837
1.2,119.73,0.835
1.2,119.91,0.834
1.2,120.10,0.833
1.2,120.29,0.831
1.2,120.47,0.830
1.2,120.66,0.829
1.2,120.83,0.828
1.2,121.03,0.826
1.2,121.21,0.825
1.2,121.39,0.824
1.2,121.56,0.823
1.2,121.76,0.821
1.2,121.95,0.820
1.2,122.13,0.819
1.2,122.31,0.818
1.2,122.49,0.816
1.2,122.70,0.815
1.2,122.88,0.814
1.2,123.44,0.810
1.2,123.64,0.809
1.2,123.82,0.808
1.2,124.01,0.806
1.2,124.19,0.805
1.2,124.37,0.804
1.2,124.55,0.803
1.2,124.73,0.802
1.2,124.91,0.801
1.2,125.08,0.799
1.2,125.26,0.798
1.2,125.45,0.797
1.2,125.64,0.796
1.2,125.83,0.795
1.3,126.01,0.794
1.3,126.20,0.792
1.3,126.37,0.791
1.3,126.64,0.790
1.3,126.84,0.788
1.3,127.02,0.787
1.3,127.21,0.786
1.3,127.39,0.785
1.3,127.58,0.784
1.3,127.76,0.783
1.3,127.94,0.782
1.3,128.12,0.781
1.3,128.30,0.779
1.3,128.47,0.778
1.3,128.65,0.777
1.3,128.81,0.776
1.3,129.00,0.775
1.3,129.18,0.774
1.3,129.35,0.773
1.3,129.53,0.772
1.3,129.70,0.771
1.3,129.89,0.770
1.3,130.07,0.769
1.3,130.27,0.768
1.3,130.44,0.767
1.3,130.64,0.765
1.3,130.83,0.764
1.3,131.01,0.763
1.3,131.18,0.762
1.3,131.37,0.761
1.3,131.93,0.758
1.3,132.11,0.757
1.3,132.29,0.756
1.3,132.46,0.755
1.3,132.66,0.754
1.3,132.83,0.753
1.3,133.01,0.752
1.4,133.19,0.751
1.4,133.36,0.750
1.4,133.54,0.749
1.4,133.71,0.748
1.4,133.89,0.747
1.4,134.07,0.746
1.4,134.24,0.745
1.4,134.42,0.744
1.4,134.60,0.743
1.4,134.79,0.742
1.4,134.97,0.741
1.4,135.14,0.740
1.4,135.31,0.739
1.4,135.48,0.738
1.4,135.65,0.737
1.4,135.82,0.736
1.4,135.98,0.735
1.4,136.16,0.734
1.4,136.33,0.734
1.4,136.51,0.733
1.4,136.68,0.732
1.4,136.86,0.731
1.4,137.02,0.730
1.4,137.19,0.729
1.4,137.36,0.728
1.4,137.54,0.727
1.4,137.80,0.726
1.4,137.98,0.725
1.4,138.17,0.724
1.4,138.34,0.723
1.4,138.52,0.722
1.4,138.68,0.721
1.4,138.86,0.720
1.4,139.05,0.719
1.4,139.22,0.718
1.4,139.39,0.717
1.4,139.56,0.717
1.4,140.09,0.714
1.4,140.27,0.713
1.5,140.44,0.712
1.5,140.63,0.711
1.5,140.80,0.710
1.5,140.97,0.709
1.5,141.14,0.709
1.5,141.31,0.708
1.5,141.49,0.707
1.5,141.66,0.706
1.5,141.82,0.705
1.5,141.99,0.704
1.5,142.15,0.703
1.5,142.34,0.703
1.5,142.50,0.702
1.5,142.68,0.701
1.5,142.84,0.700
1.5,143.02,0.699
1.5,143.18,0.698
1.5,143.35,0.698
1.5,143.51,0.697
1.5,143.68,0.696
1.5,143.84,0.695
1.5,144.01,0.694
1.5,144.19,0.694
1.5,144.35,0.693
1.5,144.53,0.692
1.5,144.70,0.691
1.5,144.87,0.690
1.5,145.03,0.690
1.5,145.20,0.689
1.5,145.35,0.688
1.5,145.53,0.687
1.5,145.70,0.686
1.5,145.88,0.686
1.5,146.04,0.685
1.5,146.20,0.684
1.5,146.38,0.683
1.5,146.56,0.682
1.5,146.73,0.682
1.5,146.89,0.681
1.5,147.06,0.680
1.5,147.22,0.679
1.5,147.39,0.678
1.6,147.90,0.676
1.6,148.08,0.675
1.6,148.31,0.674
1.6,148.49,0.673
1.6,148.65,0.673
1.6,148.81,0.672
1.6,148.97,0.671
1.6,149.13,0.671
1.6,149.29,0.670
1.6,149.45,0.669
1.6,149.60,0.668
1.6,149.77,0.668
1.6,149.93,0.667
1.6,150.10,0.666
1.6,150.26,0.666
1.6,150.43,0.665
1.6,150.59,0.664
1.6,150.76,0.663
1.6,150.91,0.663
1.6,151.08,0.662
1.6,151.23,0.661
1.6,151.39,0.661
1.6,151.55,0.660
1.6,151.70,0.659
1.6,151.86,0.659
1.6,152.01,0.658
1.6,152.17,0.657
1.6,152.33,0.656
1.6,152.48,0.656
1.6,152.64,0.655
1.6,152.80,0.654
1.6,152.96,0.654
1.6,153.12,0.653
1.6,153.27,0.652
1.6,153.43,0.652
1.6,153.59,0.651
1.6,153.74,0.650
1.6,153.89,0.650
1.6,154.05,0.649
1.6,154.22,0.648
1.6,154.37,0.648
1.6,154.52,0.647
1.6,154.67,0.647
1.6,154.83,0.646
1.6,155.32,0.644
1.7,155.48,0.643
1.7,155.65,0.642
1.7,155.81,0.642
1.7,155.96,0.641
1.7,156.12,0.641
1.7,156.28,0.640
1.7,156.44,0.639
1.7,156.60,0.639
1.7,156.75,0.638
1.7,156.90,0.637
1.7,157.06,0.637
1.7,157.24,0.636
1.7,157.40,0.635
1.7,157.55,0.635
1.7,157.71,0.634
1.7,157.86,0.633
1.7,158.11,0.632
1.7,158.27,0.632
1.7,158.41,0.631
1.7,158.57,0.631
1.7,158.74,0.630
1.7,158.91,0.629
1.7,159.05,0.629
1.7,159.21,0.628
1.7,159.36,0.628
1.7,159.51,0.627
1.7,159.66,0.626
1.7,159.82,0.626
1.7,159.96,0.625
1.7,160.11,0.625
1.7,160.27,0.624
1.7,160.41,0.623
1.7,160.56,0.623
1.7,160.72,0.622
1.7,160.88,0.622
1.7,161.02,0.621
1.7,161.17,0.620
1.7,161.32,0.620
1.7,161.48,0.619
1.7,161.64,0.619
1.7,161.79,0.618
1.7,161.95,0.617
1.7,162.41,0.616
1.7,162.57,0.615
1.7,162.72,0.615
1.8,162.86,0.614
1.8,163.01,0.613
1.8,163.16,0.613
1.8,163.30,0.612
1.8,163.45,0.612
1.8,163.60,0.611
1.8,163.75,0.611
1.8,163.90,0.610
1.8,164.04,0.610
1.8,164.20,0.609
1.8,164.35,0.608
1.8,164.49,0.608
1.8,164.64,0.607
1.8,164.79,0.607
1.8,164.94,0.606
1.8,165.09,0.606
1.8,165.26,0.605
1.8,165.40,0.605
1.8,165.55,0.604
1.8,165.70,0.604
1.8,165.84,0.603
1.8,165.98,0.602
1.8,166.12,0.602
1.8,166.28,0.601
1.8,166.42,0.601
1.8,166.56,0.600
1.8,166.69,0.600
1.8,166.84,0.599
1.8,167.00,0.599
1.8,167.22,0.598
1.8,167.36,0.597
1.8,167.50,0.597
1.8,167.64,0.597
1.8,167.78,0.596
1.8,167.92,0.596
1.8,168.05,0.595
1.8,168.19,0.595
1.8,168.34,0.594
1.8,168.48,0.594
1.8,168.62,0.593
1.8,169.03,0.592
1.8,169.18,0.591
1.8,169.31,0.591
1.8,169.45,0.590
1.8,169.58,0.590
1.8,169.72,0.589
1.8,169.86,0.589
1.8,170.00,0.588
1.9,170.15,0.588
1.9,170.29,0.587
1.9,170.44,0.587
1.9,170.57,0.586
1.9,170.71,0.586
1.9,170.84,0.585
1.9,170.98,0.585
1.9,171.24,0.584
1.9,171.37,0.584
1.9,171.52,0.583
1.9,171.65,0.583
1.9,171.78,0.582
1.9,171.92,0.582
1.9,172.05,0.581
1.9,172.18,0.581
1.9,172.32,0.580
1.9,172.45,0.580
1.9,172.58,0.579
1.9,172.72,0.579
1.9,172.85,0.579
1.9,173.00,0.578
1.9,173.13,0.578
1.9,173.26,0.577
1.9,173.39,0.577
1.9,173.53,0.576
1.9,173.67,0.576
1.9,173.80,0.575
1.9,173.93,0.575
1.9,174.07,0.574
1.9,174.20,0.574
1.9,174.34,0.574
1.9,174.47,0.573
1.9,174.60,0.573
1.9,174.73,0.572
1.9,174.87,0.572
1.9,175.30,0.570
1.9,175.46,0.570
1.9,176.12,0.568
1.9,176.26,0.567
1.9,176.39,0.567
1.9,176.52,0.567
1.9,176.64,0.566
1.9,176.78,0.566
1.9,176.91,0.565
1.9,177.04,0.565
2.0,177.17,0.564
2.0,177.32,0.564
2.0,177.46,0.563
2.0,177.59,0.563
2.0,177.72,0.563
2.0,177.86,0.562
2.0,177.99,0.562
2.0,178.11,0.561
2.0,178.23,0.561
2.0,178.36,0.561
2.0,178.48,0.560
2.0,178.61,0.560
2.0,178.75,0.559
2.0,178.87,0.559
2.0,179.00,0.559
2.0,179.13,0.558
2.0,179.26,0.558
2.0,179.37,0.558
2.0,179.50,0.557
2.0,179.63,0.557
2.0,179.76,0.556
2.0,179.89,0.556
2.0,180.02,0.556
2.0,180.14,0.555
2.0,180.27,0.555
2.0,180.42,0.554
2.0,180.55,0.554
2.0,180.70,0.553
2.0,180.83,0.553
2.0,181.23,0.552
2.0,181.36,0.551
2.0,181.48,0.551
2.0,181.61,0.551
2.0,181.74,0.550
2.0,181.86,0.550
2.0,181.99,0.549
2.0,182.11,0.549
2.0,182.25,0.549
2.0,182.38,0.548
2.0,182.50,0.548
2.0,182.64,0.548
2.0,182.78,0.547
2.0,182.92,0.547
2.0,183.04,0.546
2.0,183.16,0.546
2.0,183.35,0.545
2.0,183.47,0.545
2.0,183.59,0.545
2.0,183.70,0.544
2.0,183.83,0.544
2.0,183.94,0.544
2.1,184.06,0.543
2.1,184.18,0.543
2.1,184.29,0.543
2.1,184.42,0.542
2.1,184.53,0.542
2.1,184.65,0.542
2.1,184.75,0.541
2.1,184.88,0.541
2.1,184.99,0.541
2.1,185.11,0.540
2.1,185.22,0.540
2.1,185.33,0.540
2.1,185.45,0.539
2.1,185.57,0.539
2.1,185.68,0.539
2.1,185.79,0.538
2.1,185.92,0.538
2.1,186.03,0.538
2.1,186.15,0.537
2.1,186.26,0.537
2.1,186.38,0.537
2.1,186.72,0.536
2.1,186.84,0.535
2.1,186.96,0.535
2.1,187.08,0.535
2.1,187.19,0.534
2.1,187.29,0.534
2.1,187.41,0.534
2.1,187.51,0.533
2.1,187.63,0.533
2.1,187.74,0.533
2.1,187.85,0.532
2.1,187.95,0.532
2.1,188.06,0.532
2.1,188.19,0.531
2.1,188.31,0.531
2.1,188.43,0.531
2.1,188.54,0.530
2.1,188.65,0.530
2.1,188.76,0.530
2.1,188.88,0.529
2.1,188.98,0.529
2.1,189.09,0.529
2.1,189.20,0.529
2.1,189.30,0.528
2.1,189.40,0.528
2.1,189.51,0.528
2.1,189.61,0.527
2.1,189.71,0.527
2.1,189.83,0.527
2.1,189.94,0.526
2.1,190.04,0.526
2.1,190.15,0.526
2.1,190.33,0.525
2.2,190.44,0.525
2.2,190.54,0.525
2.2,190.65,0.525
2.2,190.75,0.524
2.2,190.86,0.524
2.2,190.96,0.524
2.2,191.07,0.523
2.2,191.17,0.523
2.2,191.28,0.523
2.2,191.39,0.523
2.2,191.50,0.522
2.2,191.83,0.521
2.2,191.93,0.521
2.2,192.04,0.521
2.2,192.13,0.520
2.2,192.24,0.520
2.2,192.34,0.520
2.2,192.45,0.520
2.2,192.54,0.519
2.2,192.66,0.519
2.2,192.77,0.519
2.2,192.87,0.518
2.2,192.98,0.518
2.2,193.08,0.518
2.2,193.18,0.518
2.2,193.28,0.517
2.2,193.38,0.517
2.2,193.48,0.517
2.2,193.58,0.517
2.2,193.68,0.516
2.2,193.78,0.516
2.2,193.88,0.516
2.2,193.99,0.515
2.2,194.09,0.515
2.2,194.19,0.515
2.2,194.30,0.515
2.2,194.40,0.514
2.2,194.50,0.514
2.2,194.60,0.514
2.2,194.71,0.514
2.2,194.80,0.513
2.2,194.91,0.513
2.2,195.00,0.513
2.2,195.10,0.513
2.2,195.20,0.512
2.2,195.30,0.512
2.2,195.39,0.512
2.2,195.49,0.512
2.2,195.59,0.511
2.2,195.68,0.511
2.2,195.78,0.511
2.2,195.87,0.511
2.2,195.97,0.510
2.2,196.07,0.510
2.2,196.19,0.510
2.3,196.47,0.509
2.3,196.62,0.509
2.3,196.72,0.508
2.3,196.82,0.508
2.3,196.92,0.508
2.3,197.01,0.508
2.3,197.10,0.507
2.3,197.20,0.507
2.3,197.30,0.507
2.3,197.39,0.507
2.3,197.49,0.506
2.3,197.73,0.506
2.3,197.93,0.505
2.3,198.05,0.505
2.3,198.15,0.505
2.3,198.24,0.504
2.3,198.33,0.504
2.3,198.43,0.504
2.3,198.52,0.504
2.3,198.61,0.504
2.3,198.70,0.503
2.3,198.79,0.503
2.3,198.88,0.503
2.3,198.97,0.503
2.3,199.05,0.502
2.3,199.14,0.502
2.3,199.23,0.502
2.3,199.33,0.502
2.3,199.41,0.501
2.3,199.50,0.501
2.3,199.59,0.501
2.3,199.68,0.501
2.3,199.77,0.501
2.3,199.86,0.500
2.3,199.94,0.500
2.3,200.03,0.500
2.3,200.12,0.500
2.3,200.20,0.499
2.3,200.29,0.499
2.3,200.38,0.499
2.3,200.47,0.499
2.3,200.56,0.499
2.3,200.83,0.498
2.3,200.91,0.498
2.3,201.00,0.498
